<?xml version='1.0' encoding='utf-8' standalone='yes' ?>
<map>
    <string name="prev_event_name">number_verified</string>
    <long name="prev_event_timestamp" value="1769586334751" />
    <int name="appsFlyerInAppEventCount" value="2" />
    <string name="gcd">{&quot;net&quot;:4315,&quot;retries&quot;:0}</string>
    <long name="prev_session_dur" value="1" />
    <string name="afUninstallToken">ftkUk0_iSUWqaFIKefc2yk:APA91bFN8pFIabxQbS_haDcTwy_xCdPn1YOwKIxZKAIXBCxYmYz9msQRBDd9EIes6dbM0r-ctl1S_a9iyzHj62mhVg-TZ9rZJLG7K3AXd6qnwPS2tzru0yQ</string>
    <boolean name="ddl_sent" value="true" />
    <long name="af_rc_max_age" value="86400" />
    <string name="sentSuccessfully">true</string>
    <int name="versionCode" value="202603004" />
    <string name="af_remote_config">eyJmZWF0dXJlcyI6e30sInZlciI6ImRlZmF1bHQudjEuMTYzNzE0OTUyOSJ9</string>
    <boolean name="sentRegisterRequestToAF" value="true" />
    <string name="savedProperties">{&quot;uid&quot;:&quot;1769586317298-4136115746940338447&quot;,&quot;waitForCustomerId&quot;:&quot;false&quot;,&quot;logLevel&quot;:&quot;0&quot;,&quot;AppUserId&quot;:&quot;95f9d8b2837bbf18&quot;}</string>
    <string name="AF_INSTALLATION">1769586317298-4136115746940338447</string>
    <boolean name="afUninstallToken_queued" value="false" />
    <int name="appsFlyerCount" value="2" />
    <long name="af_rc_timestamp" value="1769586317525" />
    <long name="AppsFlyerTimePassedSincePrevLaunch" value="1769586318006" />
    <boolean name="newGPReferrerSent" value="true" />
    <long name="appsflyerConversionDataCacheExpiration" value="1769586323950" />
    <string name="first_launch">{&quot;net&quot;:1611,&quot;from_fg&quot;:657,&quot;start_with&quot;:&quot;application&quot;,&quot;init_to_fg&quot;:125}</string>
    <string name="appsFlyerFirstInstall">2026-01-28_131517+0530</string>
    <long name="afUninstallToken_received_time" value="1769586319033" />
    <string name="attributionId">{&quot;adgroup_id&quot;:&quot;120240589353680584&quot;,&quot;retargeting_conversion_type&quot;:&quot;re-attribution&quot;,&quot;is_fb&quot;:true,&quot;is_first_launch&quot;:false,&quot;iscache&quot;:false,&quot;click_time&quot;:&quot;2026-01-14 19:47:38.000&quot;,&quot;adset&quot;:&quot;QTv_Meta_CreativeTesting_Hindi_App_And_Install_IN_OG_Humiliation_SSST39_V1_Episodic_ShunyaseShikhartak_wb4GKWW&quot;,&quot;match_type&quot;:&quot;srn&quot;,&quot;af_channel&quot;:&quot;Facebook&quot;,&quot;is_paid&quot;:true,&quot;campaign_id&quot;:&quot;120240276951510584&quot;,&quot;install_time&quot;:&quot;2026-01-28 07:45:19.583&quot;,&quot;agency&quot;:null,&quot;media_source&quot;:&quot;Facebook Ads&quot;,&quot;af_siteid&quot;:null,&quot;af_status&quot;:&quot;Non-organic&quot;,&quot;af_sub1&quot;:null,&quot;ad_id&quot;:&quot;120240589611410584&quot;,&quot;af_sub5&quot;:null,&quot;af_sub4&quot;:null,&quot;af_sub3&quot;:null,&quot;af_sub2&quot;:null,&quot;adset_id&quot;:&quot;120240589352130584&quot;,&quot;http_referrer&quot;:null,&quot;campaign&quot;:&quot;QTV_Meta_CreativeTesting_Hindi_App_And_Install_IN_OG_V1_Episodic_ShunyaseShikhartak_wb4GKWW&quot;,&quot;is_mobile_data_terms_signed&quot;:true,&quot;adgroup&quot;:&quot;QTv_Meta_CreativeTesting_Hindi_App_And_Install_IN_OG_Humiliation_SSST39_14.36_Episodic_ShunyaseShikhartak_wb4GKWW&quot;}</string>
</map>
