<?xml version='1.0' encoding='utf-8' standalone='yes' ?>
<map>
    <long name="first_open_time" value="1769586314527" />
    <string name="gmp_app_id">1:412826138735:android:8a32f791e415634f2ff59a</string>
    <string name="app_instance_id">6502c49d28c27b25bb1b8647cb4e38d0</string>
    <long name="session_id" value="1769586315" />
    <boolean name="app_backgrounded" value="false" />
    <long name="health_monitor:start" value="1769586315143" />
    <boolean name="use_service" value="true" />
    <boolean name="deferred_analytics_collection" value="false" />
    <string name="default_event_parameters">[{&quot;n&quot;:&quot;sc_session_id&quot;,&quot;v&quot;:&quot;4584412632_8d36a014-e19e-4eb8-806f-bd4eb2870206&quot;,&quot;t&quot;:&quot;s&quot;}]</string>
    <string name="previous_os_version">15</string>
    <boolean name="has_been_opened" value="true" />
    <boolean name="allow_remote_dynamite" value="true" />
    <long name="last_pause_time" value="1769586388783" />
    <boolean name="start_new_session" value="false" />
</map>
