{"Fid":"ftkUk0_iSUWqaFIKefc2yk","Status":3,"AuthToken":"eyJhbGciOiJFUzI1NiIsInR5cCI6IkpXVCJ9.eyJhcHBJZCI6IjE6NDEyODI2MTM4NzM1OmFuZHJvaWQ6OGEzMmY3OTFlNDE1NjM0ZjJmZjU5YSIsImV4cCI6MTc3MDE5MTExNSwiZmlkIjoiZnRrVWswX2lTVVdxYUZJS2VmYzJ5ayIsInByb2plY3ROdW1iZXIiOjQxMjgyNjEzODczNX0.AB2LPV8wRQIgHlhvIYzF_Xcyj-YQxs-3SNM-GSbqNgdOygvupgto0wACIQDyDeLNVrOd11FgF7HNRiBWq1fE4abrm5tlaGiHr4El8w","RefreshToken":"3_AS3qfwKxRCkIXVVqOUNenVU5262LaTQWyWHJvqotHxwr8g-t4XapgBOYXrV6-fzuFFzU5GopPGtw-F-jGEcunb5QevvGE_lehI52EsQqBnwSAhk","TokenCreationEpochInSecs":1769586315,"ExpiresInSecs":604800}